Scenario,Seed,Sweep,Value,D_total_ms,Substitutions,Deployments,AvgAccess_ms,AvgCompute_ms,AvgTrans_ms,AvgReturn_ms,Feasible
synthetic_hotspot_v2,0,redundancy_nu,0,9286.973730,108,7,32.169127,165.430597,34.208012,0.366608,True
synthetic_hotspot_v2,0,redundancy_nu,0.1,9286.973730,108,7,32.169127,165.430597,34.208012,0.366608,True
synthetic_hotspot_v2,0,redundancy_nu,0.3,9286.973730,108,7,32.169127,165.430597,34.208012,0.366608,True
synthetic_hotspot_v2,0,redundancy_nu,0.5,9286.973730,108,7,32.169127,165.430597,34.208012,0.366608,True
synthetic_hotspot_v2,0,redundancy_nu,0.7,9286.973730,108,7,32.169127,165.430597,34.208012,0.366608,True
synthetic_hotspot_v2,0,scheduling_lambda,0,9286.973730,108,7,32.169127,165.430597,34.208012,0.366608,True
synthetic_hotspot_v2,0,scheduling_lambda,0.05,9286.973730,108,7,32.169127,165.430597,34.208012,0.366608,True
synthetic_hotspot_v2,0,scheduling_lambda,0.1,9286.973730,108,7,32.169127,165.430597,34.208012,0.366608,True
synthetic_hotspot_v2,0,scheduling_lambda,0.2,9286.973730,108,7,32.169127,165.430597,34.208012,0.366608,True
synthetic_hotspot_v2,0,scheduling_lambda,0.4,9286.973730,108,7,32.169127,165.430597,34.208012,0.366608,True
synthetic_hotspot_v2,0,remote_eta,0,9286.973730,108,6,32.169127,165.430597,34.208012,0.366608,True
synthetic_hotspot_v2,0,remote_eta,0.25,9286.973730,108,6,32.169127,165.430597,34.208012,0.366608,True
synthetic_hotspot_v2,0,remote_eta,0.5,9286.973730,108,7,32.169127,165.430597,34.208012,0.366608,True
synthetic_hotspot_v2,0,remote_eta,0.75,8859.417549,108,6,32.169127,164.391567,24.538615,0.386130,True
synthetic_hotspot_v2,0,remote_eta,1,9702.988038,108,6,32.169127,161.313555,48.670941,0.421079,True
synthetic_hotspot_v2,0,placement_profile,default,9286.973730,108,7,32.169127,165.430597,34.208012,0.366608,True
synthetic_hotspot_v2,0,placement_profile,demand_heavy,9286.973730,108,6,32.169127,165.430597,34.208012,0.366608,True
synthetic_hotspot_v2,0,placement_profile,compute_heavy,9286.973730,108,7,32.169127,165.430597,34.208012,0.366608,True
synthetic_hotspot_v2,0,placement_profile,network_heavy,9286.973730,108,7,32.169127,165.430597,34.208012,0.366608,True
synthetic_hotspot_v2,0,placement_profile,memory_heavy,9286.973730,108,7,32.169127,165.430597,34.208012,0.366608,True
synthetic_hotspot_v2,1,redundancy_nu,0,10857.891738,112,6,36.202930,189.948377,44.891032,0.404955,True
synthetic_hotspot_v2,1,redundancy_nu,0.1,10857.891738,112,6,36.202930,189.948377,44.891032,0.404955,True
synthetic_hotspot_v2,1,redundancy_nu,0.3,10857.891738,112,6,36.202930,189.948377,44.891032,0.404955,True
synthetic_hotspot_v2,1,redundancy_nu,0.5,10857.891738,112,6,36.202930,189.948377,44.891032,0.404955,True
synthetic_hotspot_v2,1,redundancy_nu,0.7,10857.891738,112,5,36.202930,189.948377,44.891032,0.404955,True
synthetic_hotspot_v2,1,scheduling_lambda,0,10857.891738,112,6,36.202930,189.948377,44.891032,0.404955,True
synthetic_hotspot_v2,1,scheduling_lambda,0.05,10857.891738,112,6,36.202930,189.948377,44.891032,0.404955,True
synthetic_hotspot_v2,1,scheduling_lambda,0.1,10857.891738,112,6,36.202930,189.948377,44.891032,0.404955,True
synthetic_hotspot_v2,1,scheduling_lambda,0.2,10857.891738,112,6,36.202930,189.948377,44.891032,0.404955,True
synthetic_hotspot_v2,1,scheduling_lambda,0.4,10857.891738,112,6,36.202930,189.948377,44.891032,0.404955,True
synthetic_hotspot_v2,1,remote_eta,0,10857.891738,112,6,36.202930,189.948377,44.891032,0.404955,True
synthetic_hotspot_v2,1,remote_eta,0.25,10857.891738,112,6,36.202930,189.948377,44.891032,0.404955,True
synthetic_hotspot_v2,1,remote_eta,0.5,10857.891738,112,6,36.202930,189.948377,44.891032,0.404955,True
synthetic_hotspot_v2,1,remote_eta,0.75,10857.891738,112,6,36.202930,189.948377,44.891032,0.404955,True
synthetic_hotspot_v2,1,remote_eta,1,10288.755364,112,6,36.202930,177.951988,42.642836,0.421131,True
synthetic_hotspot_v2,1,placement_profile,default,10857.891738,112,6,36.202930,189.948377,44.891032,0.404955,True
synthetic_hotspot_v2,1,placement_profile,demand_heavy,10857.891738,112,6,36.202930,189.948377,44.891032,0.404955,True
synthetic_hotspot_v2,1,placement_profile,compute_heavy,10565.065237,112,5,36.202930,182.592571,44.925431,0.405698,True
synthetic_hotspot_v2,1,placement_profile,network_heavy,10857.891738,112,6,36.202930,189.948377,44.891032,0.404955,True
synthetic_hotspot_v2,1,placement_profile,memory_heavy,10857.891738,112,6,36.202930,189.948377,44.891032,0.404955,True
synthetic_hotspot_v2,2,redundancy_nu,0,9464.207504,114,7,32.990788,159.135802,44.078192,0.400405,True
synthetic_hotspot_v2,2,redundancy_nu,0.1,9464.207504,114,7,32.990788,159.135802,44.078192,0.400405,True
synthetic_hotspot_v2,2,redundancy_nu,0.3,9464.207504,114,7,32.990788,159.135802,44.078192,0.400405,True
synthetic_hotspot_v2,2,redundancy_nu,0.5,9464.207504,114,7,32.990788,159.135802,44.078192,0.400405,True
synthetic_hotspot_v2,2,redundancy_nu,0.7,9464.207504,114,7,32.990788,159.135802,44.078192,0.400405,True
synthetic_hotspot_v2,2,scheduling_lambda,0,9464.207504,114,7,32.990788,159.135802,44.078192,0.400405,True
synthetic_hotspot_v2,2,scheduling_lambda,0.05,9464.207504,114,7,32.990788,159.135802,44.078192,0.400405,True
synthetic_hotspot_v2,2,scheduling_lambda,0.1,9464.207504,114,7,32.990788,159.135802,44.078192,0.400405,True
synthetic_hotspot_v2,2,scheduling_lambda,0.2,9532.467911,112,7,32.990788,162.269925,42.650579,0.400405,True
synthetic_hotspot_v2,2,scheduling_lambda,0.4,10407.805024,95,7,32.990788,188.909971,37.883132,0.411234,True
synthetic_hotspot_v2,2,remote_eta,0,9464.207504,114,7,32.990788,159.135802,44.078192,0.400405,True
synthetic_hotspot_v2,2,remote_eta,0.25,9464.207504,114,7,32.990788,159.135802,44.078192,0.400405,True
synthetic_hotspot_v2,2,remote_eta,0.5,9464.207504,114,7,32.990788,159.135802,44.078192,0.400405,True
synthetic_hotspot_v2,2,remote_eta,0.75,9486.872679,114,6,32.990788,151.474829,52.297432,0.408767,True
synthetic_hotspot_v2,2,remote_eta,1,9485.782176,114,6,32.990788,152.674426,51.077571,0.401769,True
synthetic_hotspot_v2,2,placement_profile,default,9464.207504,114,7,32.990788,159.135802,44.078192,0.400405,True
synthetic_hotspot_v2,2,placement_profile,demand_heavy,9464.207504,114,7,32.990788,159.135802,44.078192,0.400405,True
synthetic_hotspot_v2,2,placement_profile,compute_heavy,9486.872679,114,6,32.990788,151.474829,52.297432,0.408767,True
synthetic_hotspot_v2,2,placement_profile,network_heavy,9464.207504,114,7,32.990788,159.135802,44.078192,0.400405,True
synthetic_hotspot_v2,2,placement_profile,memory_heavy,9464.207504,114,7,32.990788,159.135802,44.078192,0.400405,True
synthetic_hotspot_v2,3,redundancy_nu,0,9468.199998,117,5,33.631725,160.972497,41.646444,0.454333,True
synthetic_hotspot_v2,3,redundancy_nu,0.1,9468.199998,117,5,33.631725,160.972497,41.646444,0.454333,True
synthetic_hotspot_v2,3,redundancy_nu,0.3,9468.199998,117,5,33.631725,160.972497,41.646444,0.454333,True
synthetic_hotspot_v2,3,redundancy_nu,0.5,9468.199998,117,5,33.631725,160.972497,41.646444,0.454333,True
synthetic_hotspot_v2,3,redundancy_nu,0.7,9468.199998,117,5,33.631725,160.972497,41.646444,0.454333,True
synthetic_hotspot_v2,3,scheduling_lambda,0,9468.199998,117,5,33.631725,160.972497,41.646444,0.454333,True
synthetic_hotspot_v2,3,scheduling_lambda,0.05,9468.199998,117,5,33.631725,160.972497,41.646444,0.454333,True
synthetic_hotspot_v2,3,scheduling_lambda,0.1,9468.199998,117,5,33.631725,160.972497,41.646444,0.454333,True
synthetic_hotspot_v2,3,scheduling_lambda,0.2,9468.199998,117,5,33.631725,160.972497,41.646444,0.454333,True
synthetic_hotspot_v2,3,scheduling_lambda,0.4,9468.199998,117,5,33.631725,160.972497,41.646444,0.454333,True
synthetic_hotspot_v2,3,remote_eta,0,9468.199998,117,5,33.631725,160.972497,41.646444,0.454333,True
synthetic_hotspot_v2,3,remote_eta,0.25,9468.199998,117,5,33.631725,160.972497,41.646444,0.454333,True
synthetic_hotspot_v2,3,remote_eta,0.5,9468.199998,117,5,33.631725,160.972497,41.646444,0.454333,True
synthetic_hotspot_v2,3,remote_eta,0.75,9417.157628,117,6,33.631725,147.271536,54.019424,0.506255,True
synthetic_hotspot_v2,3,remote_eta,1,9417.157628,117,6,33.631725,147.271536,54.019424,0.506255,True
synthetic_hotspot_v2,3,placement_profile,default,9468.199998,117,5,33.631725,160.972497,41.646444,0.454333,True
synthetic_hotspot_v2,3,placement_profile,demand_heavy,9468.199998,117,5,33.631725,160.972497,41.646444,0.454333,True
synthetic_hotspot_v2,3,placement_profile,compute_heavy,8887.084143,117,5,33.631725,147.525962,40.531883,0.487535,True
synthetic_hotspot_v2,3,placement_profile,network_heavy,9468.199998,117,5,33.631725,160.972497,41.646444,0.454333,True
synthetic_hotspot_v2,3,placement_profile,memory_heavy,9468.199998,117,5,33.631725,160.972497,41.646444,0.454333,True
synthetic_hotspot_v2,4,redundancy_nu,0,10315.724299,124,7,37.821053,182.626347,37.031041,0.414666,True
synthetic_hotspot_v2,4,redundancy_nu,0.1,10317.251519,123,7,37.821053,183.748894,35.950967,0.410374,True
synthetic_hotspot_v2,4,redundancy_nu,0.3,10317.251519,123,7,37.821053,183.748894,35.950967,0.410374,True
synthetic_hotspot_v2,4,redundancy_nu,0.5,10317.251519,123,7,37.821053,183.748894,35.950967,0.410374,True
synthetic_hotspot_v2,4,redundancy_nu,0.7,10317.251519,123,7,37.821053,183.748894,35.950967,0.410374,True
synthetic_hotspot_v2,4,scheduling_lambda,0,10293.834082,124,7,37.821053,182.666089,36.448337,0.410374,True
synthetic_hotspot_v2,4,scheduling_lambda,0.05,10293.834082,124,7,37.821053,182.666089,36.448337,0.410374,True
synthetic_hotspot_v2,4,scheduling_lambda,0.1,10317.251519,123,7,37.821053,183.748894,35.950967,0.410374,True
synthetic_hotspot_v2,4,scheduling_lambda,0.2,10317.251519,123,7,37.821053,183.748894,35.950967,0.410374,True
synthetic_hotspot_v2,4,scheduling_lambda,0.4,11057.090244,98,7,37.821053,214.410157,23.787667,0.408379,True
synthetic_hotspot_v2,4,remote_eta,0,10664.562475,123,7,37.821053,194.957349,33.454398,0.381262,True
synthetic_hotspot_v2,4,remote_eta,0.25,10664.562475,123,7,37.821053,194.957349,33.454398,0.381262,True
synthetic_hotspot_v2,4,remote_eta,0.5,10317.251519,123,7,37.821053,183.748894,35.950967,0.410374,True
synthetic_hotspot_v2,4,remote_eta,0.75,9588.312196,126,6,37.821053,169.430249,32.003030,0.453472,True
synthetic_hotspot_v2,4,remote_eta,1,9588.312196,126,6,37.821053,169.430249,32.003030,0.453472,True
synthetic_hotspot_v2,4,placement_profile,default,10317.251519,123,7,37.821053,183.748894,35.950967,0.410374,True
synthetic_hotspot_v2,4,placement_profile,demand_heavy,10664.562475,123,7,37.821053,194.957349,33.454398,0.381262,True
synthetic_hotspot_v2,4,placement_profile,compute_heavy,9588.312196,126,6,37.821053,169.430249,32.003030,0.453472,True
synthetic_hotspot_v2,4,placement_profile,network_heavy,10317.251519,123,7,37.821053,183.748894,35.950967,0.410374,True
synthetic_hotspot_v2,4,placement_profile,memory_heavy,10317.251519,123,7,37.821053,183.748894,35.950967,0.410374,True
real_moe_uav,0,redundancy_nu,0,4052.961226,308,49,51.481075,0.006505,37.133997,12.702453,True
real_moe_uav,0,redundancy_nu,0.1,3910.776106,341,49,51.481075,0.008194,33.577681,12.702453,True
real_moe_uav,0,redundancy_nu,0.3,3790.833896,384,49,51.481075,0.050826,32.402480,10.836466,True
real_moe_uav,0,redundancy_nu,0.5,3803.139034,383,49,51.481075,0.052359,32.611612,10.933429,True
real_moe_uav,0,redundancy_nu,0.7,3966.799105,377,49,51.481075,0.055918,34.737873,12.895111,True
real_moe_uav,0,scheduling_lambda,0,3363.433313,401,49,51.481075,0.049305,21.112687,11.442765,True
real_moe_uav,0,scheduling_lambda,0.05,3743.062289,386,49,51.481075,0.050598,31.243578,10.801306,True
real_moe_uav,0,scheduling_lambda,0.1,3790.833896,384,49,51.481075,0.050826,32.402480,10.836466,True
real_moe_uav,0,scheduling_lambda,0.2,4087.715293,335,49,51.481075,0.042759,39.339895,11.329154,True
real_moe_uav,0,scheduling_lambda,0.4,5938.761244,269,49,51.481075,0.027214,84.789934,12.170807,True
real_moe_uav,0,remote_eta,0,3780.006808,373,49,51.481075,0.051404,32.363911,10.603780,True
real_moe_uav,0,remote_eta,0.25,3790.853946,384,49,51.481075,0.051327,32.402480,10.836466,True
real_moe_uav,0,remote_eta,0.5,3790.833896,384,49,51.481075,0.050826,32.402480,10.836466,True
real_moe_uav,0,remote_eta,0.75,3790.869912,385,49,51.481075,0.051726,32.402480,10.836466,True
real_moe_uav,0,remote_eta,1,3773.089297,388,49,51.481075,0.051643,31.958048,10.836466,True
real_moe_uav,0,placement_profile,default,3790.833896,384,49,51.481075,0.050826,32.402480,10.836466,True
real_moe_uav,0,placement_profile,demand_heavy,3570.870304,374,49,51.481075,0.050765,25.355965,12.383952,True
real_moe_uav,0,placement_profile,compute_heavy,3750.498905,383,49,51.481075,0.052880,31.824502,10.404015,True
real_moe_uav,0,placement_profile,network_heavy,3570.870304,374,49,51.481075,0.050765,25.355965,12.383952,True
real_moe_uav,0,placement_profile,memory_heavy,3570.191247,374,49,51.481075,0.050674,25.339080,12.383952,True
real_moe_uav,1,redundancy_nu,0,4063.573769,308,49,51.469920,0.006505,37.133997,12.978921,True
real_moe_uav,1,redundancy_nu,0.1,3921.388649,341,49,51.469920,0.008194,33.577681,12.978921,True
real_moe_uav,1,redundancy_nu,0.3,3808.372167,384,49,51.469920,0.050826,32.402480,11.286078,True
real_moe_uav,1,redundancy_nu,0.5,3821.110164,383,49,51.469920,0.052359,32.611612,11.393862,True
real_moe_uav,1,redundancy_nu,0.7,3977.053019,377,49,51.469920,0.055918,34.737873,13.162614,True
real_moe_uav,1,scheduling_lambda,0,3377.476217,401,49,51.469920,0.049305,21.112687,11.804993,True
real_moe_uav,1,scheduling_lambda,0.05,3760.216222,386,49,51.469920,0.050598,31.243578,11.241309,True
real_moe_uav,1,scheduling_lambda,0.1,3808.372167,384,49,51.469920,0.050826,32.402480,11.286078,True
real_moe_uav,1,scheduling_lambda,0.2,4106.441361,335,49,51.469920,0.042759,39.339895,11.808461,True
real_moe_uav,1,scheduling_lambda,0.4,5954.091887,269,49,51.469920,0.027214,84.789934,12.565229,True
real_moe_uav,1,remote_eta,0,3790.068237,373,49,51.469920,0.051404,32.363911,10.866471,True
real_moe_uav,1,remote_eta,0.25,3808.392217,384,49,51.469920,0.051327,32.402480,11.286078,True
real_moe_uav,1,remote_eta,0.5,3808.372167,384,49,51.469920,0.050826,32.402480,11.286078,True
real_moe_uav,1,remote_eta,0.75,3808.408182,385,49,51.469920,0.051726,32.402480,11.286078,True
real_moe_uav,1,remote_eta,1,3790.627568,388,49,51.469920,0.051643,31.958048,11.286078,True
real_moe_uav,1,placement_profile,default,3808.372167,384,49,51.469920,0.050826,32.402480,11.286078,True
real_moe_uav,1,placement_profile,demand_heavy,3595.229044,374,49,51.469920,0.050765,25.355965,13.004076,True
real_moe_uav,1,placement_profile,compute_heavy,3756.577655,383,49,51.469920,0.052880,31.824502,10.567139,True
real_moe_uav,1,placement_profile,network_heavy,3595.229044,374,49,51.469920,0.050765,25.355965,13.004076,True
real_moe_uav,1,placement_profile,memory_heavy,3594.549988,374,49,51.469920,0.050674,25.339080,13.004076,True
real_moe_uav,2,redundancy_nu,0,4054.988197,308,49,51.543982,0.006505,37.133997,12.690220,True
real_moe_uav,2,redundancy_nu,0.1,3912.803077,341,49,51.543982,0.008194,33.577681,12.690220,True
real_moe_uav,2,redundancy_nu,0.3,3797.925862,384,49,51.543982,0.050826,32.402480,10.950858,True
real_moe_uav,2,redundancy_nu,0.5,3810.721443,383,49,51.543982,0.052359,32.611612,11.060082,True
real_moe_uav,2,redundancy_nu,0.7,3969.112322,377,49,51.543982,0.055918,34.737873,12.890035,True
real_moe_uav,2,scheduling_lambda,0,3362.414387,401,49,51.543982,0.049305,21.112687,11.354385,True
real_moe_uav,2,scheduling_lambda,0.05,3750.092793,386,49,51.543982,0.050598,31.243578,10.914162,True
real_moe_uav,2,scheduling_lambda,0.1,3797.925862,384,49,51.543982,0.050826,32.402480,10.950858,True
real_moe_uav,2,scheduling_lambda,0.2,4096.483989,335,49,51.543982,0.042759,39.339895,11.485464,True
real_moe_uav,2,scheduling_lambda,0.4,5938.429936,269,49,51.543982,0.027214,84.789934,12.099618,True
real_moe_uav,2,remote_eta,0,3783.336657,373,49,51.543982,0.051404,32.363911,10.624119,True
real_moe_uav,2,remote_eta,0.25,3797.945912,384,49,51.543982,0.051327,32.402480,10.950858,True
real_moe_uav,2,remote_eta,0.5,3797.925862,384,49,51.543982,0.050826,32.402480,10.950858,True
real_moe_uav,2,remote_eta,0.75,3797.961878,385,49,51.543982,0.051726,32.402480,10.950858,True
real_moe_uav,2,remote_eta,1,3780.181263,388,49,51.543982,0.051643,31.958048,10.950858,True
real_moe_uav,2,placement_profile,default,3797.925862,384,49,51.543982,0.050826,32.402480,10.950858,True
real_moe_uav,2,placement_profile,demand_heavy,3573.069203,374,49,51.543982,0.050765,25.355965,12.376017,True
real_moe_uav,2,placement_profile,compute_heavy,3751.500750,383,49,51.543982,0.052880,31.824502,10.366155,True
real_moe_uav,2,placement_profile,network_heavy,3573.069203,374,49,51.543982,0.050765,25.355965,12.376017,True
real_moe_uav,2,placement_profile,memory_heavy,3572.390147,374,49,51.543982,0.050674,25.339080,12.376017,True
real_moe_uav,3,redundancy_nu,0,4053.056644,308,49,51.474727,0.006505,37.133997,12.711186,True
real_moe_uav,3,redundancy_nu,0.1,3910.871524,341,49,51.474727,0.008194,33.577681,12.711186,True
real_moe_uav,3,redundancy_nu,0.3,3805.530660,384,49,51.474727,0.050826,32.402480,11.210233,True
real_moe_uav,3,redundancy_nu,0.5,3817.279686,383,49,51.474727,0.052359,32.611612,11.293293,True
real_moe_uav,3,redundancy_nu,0.7,3966.185305,377,49,51.474727,0.055918,34.737873,12.886114,True
real_moe_uav,3,scheduling_lambda,0,3371.994104,401,49,51.474727,0.049305,21.112687,11.663133,True
real_moe_uav,3,scheduling_lambda,0.05,3757.013076,386,49,51.474727,0.050598,31.243578,11.156424,True
real_moe_uav,3,scheduling_lambda,0.1,3805.530660,384,49,51.474727,0.050826,32.402480,11.210233,True
real_moe_uav,3,scheduling_lambda,0.2,4101.072294,335,49,51.474727,0.042759,39.339895,11.669427,True
real_moe_uav,3,scheduling_lambda,0.4,5945.901550,269,49,51.474727,0.027214,84.789934,12.355663,True
real_moe_uav,3,remote_eta,0,3786.555368,373,49,51.474727,0.051404,32.363911,10.773842,True
real_moe_uav,3,remote_eta,0.25,3805.550710,384,49,51.474727,0.051327,32.402480,11.210233,True
real_moe_uav,3,remote_eta,0.5,3805.530660,384,49,51.474727,0.050826,32.402480,11.210233,True
real_moe_uav,3,remote_eta,0.75,3805.566676,385,49,51.474727,0.051726,32.402480,11.210233,True
real_moe_uav,3,remote_eta,1,3787.786061,388,49,51.474727,0.051643,31.958048,11.210233,True
real_moe_uav,3,placement_profile,default,3805.530660,384,49,51.474727,0.050826,32.402480,11.210233,True
real_moe_uav,3,placement_profile,demand_heavy,3587.593074,374,49,51.474727,0.050765,25.355965,12.808369,True
real_moe_uav,3,placement_profile,compute_heavy,3762.984810,383,49,51.474727,0.052880,31.824502,10.722511,True
real_moe_uav,3,placement_profile,network_heavy,3587.593074,374,49,51.474727,0.050765,25.355965,12.808369,True
real_moe_uav,3,placement_profile,memory_heavy,3586.914017,374,49,51.474727,0.050674,25.339080,12.808369,True
real_moe_uav,4,redundancy_nu,0,4053.711889,308,49,51.483628,0.006505,37.133997,12.718666,True
real_moe_uav,4,redundancy_nu,0.1,3911.526769,341,49,51.483628,0.008194,33.577681,12.718666,True
real_moe_uav,4,redundancy_nu,0.3,3792.542645,384,49,51.483628,0.050826,32.402480,10.876632,True
real_moe_uav,4,redundancy_nu,0.5,3804.795805,383,49,51.483628,0.052359,32.611612,10.972295,True
real_moe_uav,4,redundancy_nu,0.7,3966.949057,377,49,51.483628,0.055918,34.737873,12.896307,True
real_moe_uav,4,scheduling_lambda,0,3364.961376,401,49,51.483628,0.049305,21.112687,11.478414,True
real_moe_uav,4,scheduling_lambda,0.05,3744.533153,386,49,51.483628,0.050598,31.243578,10.835525,True
real_moe_uav,4,scheduling_lambda,0.1,3792.542645,384,49,51.483628,0.050826,32.402480,10.876632,True
real_moe_uav,4,scheduling_lambda,0.2,4091.711268,335,49,51.483628,0.042759,39.339895,11.426500,True
real_moe_uav,4,scheduling_lambda,0.4,5938.846921,269,49,51.483628,0.027214,84.789934,12.170396,True
real_moe_uav,4,remote_eta,0,3777.302698,373,49,51.483628,0.051404,32.363911,10.533624,True
real_moe_uav,4,remote_eta,0.25,3792.562695,384,49,51.483628,0.051327,32.402480,10.876632,True
real_moe_uav,4,remote_eta,0.5,3792.542645,384,49,51.483628,0.050826,32.402480,10.876632,True
real_moe_uav,4,remote_eta,0.75,3792.578661,385,49,51.483628,0.051726,32.402480,10.876632,True
real_moe_uav,4,remote_eta,1,3774.798046,388,49,51.483628,0.051643,31.958048,10.876632,True
real_moe_uav,4,placement_profile,default,3792.542645,384,49,51.483628,0.050826,32.402480,10.876632,True
real_moe_uav,4,placement_profile,demand_heavy,3574.827060,374,49,51.483628,0.050765,25.355965,12.480318,True
real_moe_uav,4,placement_profile,compute_heavy,3755.710561,383,49,51.483628,0.052880,31.824502,10.531754,True
real_moe_uav,4,placement_profile,network_heavy,3574.827060,374,49,51.483628,0.050765,25.355965,12.480318,True
real_moe_uav,4,placement_profile,memory_heavy,3574.148004,374,49,51.483628,0.050674,25.339080,12.480318,True
