Scenario,Sweep,Value,n,D_total_ms_mean,D_total_ms_std,D_total_ms_min,D_total_ms_max,Substitutions_mean,Substitutions_std,Substitutions_min,Substitutions_max,Deployments_mean,Deployments_std,Deployments_min,Deployments_max,AvgAccess_ms_mean,AvgAccess_ms_std,AvgAccess_ms_min,AvgAccess_ms_max,AvgCompute_ms_mean,AvgCompute_ms_std,AvgCompute_ms_min,AvgCompute_ms_max,AvgTrans_ms_mean,AvgTrans_ms_std,AvgTrans_ms_min,AvgTrans_ms_max,AvgReturn_ms_mean,AvgReturn_ms_std,AvgReturn_ms_min,AvgReturn_ms_max,Feasible_rate
real_moe_uav,placement_profile,compute_heavy,5,3755.454536,4.955368,3750.498905,3762.984810,383.000000,0.000000,383.000000,383.000000,49.000000,0.000000,49.000000,49.000000,51.490667,0.030284,51.469920,51.543982,0.052880,0.000000,0.052880,0.052880,31.824502,0.000000,31.824502,31.824502,10.518315,0.141843,10.366155,10.722511,1.000000
real_moe_uav,placement_profile,default,5,3799.041046,7.746210,3790.833896,3808.372167,384.000000,0.000000,384.000000,384.000000,49.000000,0.000000,49.000000,49.000000,51.490667,0.030284,51.469920,51.543982,0.050826,0.000000,0.050826,0.050826,32.402480,0.000000,32.402480,32.402480,11.032053,0.203273,10.836466,11.286078,1.000000
real_moe_uav,placement_profile,demand_heavy,5,3580.317737,10.573793,3570.870304,3595.229044,374.000000,0.000000,374.000000,374.000000,49.000000,0.000000,49.000000,49.000000,51.490667,0.030284,51.469920,51.543982,0.050765,0.000000,0.050765,0.050765,25.355965,0.000000,25.355965,25.355965,12.610546,0.281650,12.376017,13.004076,1.000000
real_moe_uav,placement_profile,memory_heavy,5,3579.638681,10.573793,3570.191247,3594.549988,374.000000,0.000000,374.000000,374.000000,49.000000,0.000000,49.000000,49.000000,51.490667,0.030284,51.469920,51.543982,0.050674,0.000000,0.050674,0.050674,25.339080,0.000000,25.339080,25.339080,12.610546,0.281650,12.376017,13.004076,1.000000
real_moe_uav,placement_profile,network_heavy,5,3580.317737,10.573793,3570.870304,3595.229044,374.000000,0.000000,374.000000,374.000000,49.000000,0.000000,49.000000,49.000000,51.490667,0.030284,51.469920,51.543982,0.050765,0.000000,0.050765,0.050765,25.355965,0.000000,25.355965,25.355965,12.610546,0.281650,12.376017,13.004076,1.000000
real_moe_uav,redundancy_nu,0,5,4055.658345,4.498195,4052.961226,4063.573769,308.000000,0.000000,308.000000,308.000000,49.000000,0.000000,49.000000,49.000000,51.490667,0.030284,51.469920,51.543982,0.006505,0.000000,0.006505,0.006505,37.133997,0.000000,37.133997,37.133997,12.760289,0.122677,12.690220,12.978921,1.000000
real_moe_uav,redundancy_nu,0.1,5,3913.473225,4.498195,3910.776106,3921.388649,341.000000,0.000000,341.000000,341.000000,49.000000,0.000000,49.000000,49.000000,51.490667,0.030284,51.469920,51.543982,0.008194,0.000000,0.008194,0.008194,33.577681,0.000000,33.577681,33.577681,12.760289,0.122677,12.690220,12.978921,1.000000
real_moe_uav,redundancy_nu,0.3,5,3799.041046,7.746210,3790.833896,3808.372167,384.000000,0.000000,384.000000,384.000000,49.000000,0.000000,49.000000,49.000000,51.490667,0.030284,51.469920,51.543982,0.050826,0.000000,0.050826,0.050826,32.402480,0.000000,32.402480,32.402480,11.032053,0.203273,10.836466,11.286078,1.000000
real_moe_uav,redundancy_nu,0.5,5,3811.409226,7.764937,3803.139034,3821.110164,383.000000,0.000000,383.000000,383.000000,49.000000,0.000000,49.000000,49.000000,51.490667,0.030284,51.469920,51.543982,0.052359,0.000000,0.052359,0.052359,32.611612,0.000000,32.611612,32.611612,11.130593,0.202907,10.933429,11.393862,1.000000
real_moe_uav,redundancy_nu,0.7,5,3969.219762,4.516500,3966.185305,3977.053019,377.000000,0.000000,377.000000,377.000000,49.000000,0.000000,49.000000,49.000000,51.490667,0.030284,51.469920,51.543982,0.055918,0.000000,0.055918,0.055918,34.737873,0.000000,34.737873,34.737873,12.946036,0.121140,12.886114,13.162614,1.000000
real_moe_uav,remote_eta,0,5,3783.453954,5.076959,3777.302698,3790.068237,373.000000,0.000000,373.000000,373.000000,49.000000,0.000000,49.000000,49.000000,51.490667,0.030284,51.469920,51.543982,0.051404,0.000000,0.051404,0.051404,32.363911,0.000000,32.363911,32.363911,10.680367,0.135955,10.533624,10.866471,1.000000
real_moe_uav,remote_eta,0.25,5,3799.061096,7.746210,3790.853946,3808.392217,384.000000,0.000000,384.000000,384.000000,49.000000,0.000000,49.000000,49.000000,51.490667,0.030284,51.469920,51.543982,0.051327,0.000000,0.051327,0.051327,32.402480,0.000000,32.402480,32.402480,11.032053,0.203273,10.836466,11.286078,1.000000
real_moe_uav,remote_eta,0.5,5,3799.041046,7.746210,3790.833896,3808.372167,384.000000,0.000000,384.000000,384.000000,49.000000,0.000000,49.000000,49.000000,51.490667,0.030284,51.469920,51.543982,0.050826,0.000000,0.050826,0.050826,32.402480,0.000000,32.402480,32.402480,11.032053,0.203273,10.836466,11.286078,1.000000
real_moe_uav,remote_eta,0.75,5,3799.077062,7.746210,3790.869912,3808.408182,385.000000,0.000000,385.000000,385.000000,49.000000,0.000000,49.000000,49.000000,51.490667,0.030284,51.469920,51.543982,0.051726,0.000000,0.051726,0.051726,32.402480,0.000000,32.402480,32.402480,11.032053,0.203273,10.836466,11.286078,1.000000
real_moe_uav,remote_eta,1,5,3781.296447,7.746210,3773.089297,3790.627568,388.000000,0.000000,388.000000,388.000000,49.000000,0.000000,49.000000,49.000000,51.490667,0.030284,51.469920,51.543982,0.051643,0.000000,0.051643,0.051643,31.958048,0.000000,31.958048,31.958048,11.032053,0.203273,10.836466,11.286078,1.000000
real_moe_uav,scheduling_lambda,0,5,3368.055879,6.461867,3362.414387,3377.476217,401.000000,0.000000,401.000000,401.000000,49.000000,0.000000,49.000000,49.000000,51.490667,0.030284,51.469920,51.543982,0.049305,0.000000,0.049305,0.049305,21.112687,0.000000,21.112687,21.112687,11.548738,0.182141,11.354385,11.804993,1.000000
real_moe_uav,scheduling_lambda,0.05,5,3750.983506,7.529025,3743.062289,3760.216222,386.000000,0.000000,386.000000,386.000000,49.000000,0.000000,49.000000,49.000000,51.490667,0.030284,51.469920,51.543982,0.050598,0.000000,0.050598,0.050598,31.243578,0.000000,31.243578,31.243578,10.989745,0.197530,10.801306,11.241309,1.000000
real_moe_uav,scheduling_lambda,0.1,5,3799.041046,7.746210,3790.833896,3808.372167,384.000000,0.000000,384.000000,384.000000,49.000000,0.000000,49.000000,49.000000,51.490667,0.030284,51.469920,51.543982,0.050826,0.000000,0.050826,0.050826,32.402480,0.000000,32.402480,32.402480,11.032053,0.203273,10.836466,11.286078,1.000000
real_moe_uav,scheduling_lambda,0.2,5,4096.684841,7.410617,4087.715293,4106.441361,335.000000,0.000000,335.000000,335.000000,49.000000,0.000000,49.000000,49.000000,51.490667,0.030284,51.469920,51.543982,0.042759,0.000000,0.042759,0.042759,39.339895,0.000000,39.339895,39.339895,11.543801,0.193043,11.329154,11.808461,1.000000
real_moe_uav,scheduling_lambda,0.4,5,5943.206308,6.843551,5938.429936,5954.091887,269.000000,0.000000,269.000000,269.000000,49.000000,0.000000,49.000000,49.000000,51.490667,0.030284,51.469920,51.543982,0.027214,0.000000,0.027214,0.027214,84.789934,0.000000,84.789934,84.789934,12.272343,0.189249,12.099618,12.565229,1.000000
synthetic_hotspot_v2,placement_profile,compute_heavy,5,9562.861597,621.213222,8887.084143,10565.065237,115.400000,6.767570,108.000000,126.000000,5.800000,0.836660,5.000000,7.000000,34.563125,2.365060,32.169127,37.821053,163.290842,14.168427,147.525962,182.592571,40.793158,8.217706,32.003030,52.297432,0.424416,0.046811,0.366608,0.487535,1.000000
synthetic_hotspot_v2,placement_profile,default,5,9878.904898,678.527440,9286.973730,10857.891738,114.800000,5.630275,108.000000,123.000000,6.400000,0.894427,5.000000,7.000000,34.563125,2.365060,32.169127,37.821053,171.847233,14.056266,159.135802,189.948377,40.154929,4.824065,34.208012,44.891032,0.407335,0.031347,0.366608,0.454333,1.000000
synthetic_hotspot_v2,placement_profile,demand_heavy,5,9948.367089,748.762818,9286.973730,10857.891738,114.800000,5.630275,108.000000,123.000000,6.200000,0.836660,5.000000,7.000000,34.563125,2.365060,32.169127,37.821053,174.088924,17.011882,159.135802,194.957349,39.655616,5.455814,33.454398,44.891032,0.401513,0.033285,0.366608,0.454333,1.000000
synthetic_hotspot_v2,placement_profile,memory_heavy,5,9878.904898,678.527440,9286.973730,10857.891738,114.800000,5.630275,108.000000,123.000000,6.400000,0.894427,5.000000,7.000000,34.563125,2.365060,32.169127,37.821053,171.847233,14.056266,159.135802,189.948377,40.154929,4.824065,34.208012,44.891032,0.407335,0.031347,0.366608,0.454333,1.000000
synthetic_hotspot_v2,placement_profile,network_heavy,5,9878.904898,678.527440,9286.973730,10857.891738,114.800000,5.630275,108.000000,123.000000,6.400000,0.894427,5.000000,7.000000,34.563125,2.365060,32.169127,37.821053,171.847233,14.056266,159.135802,189.948377,40.154929,4.824065,34.208012,44.891032,0.407335,0.031347,0.366608,0.454333,1.000000
synthetic_hotspot_v2,redundancy_nu,0,5,9878.599454,678.281082,9286.973730,10857.891738,115.000000,6.000000,108.000000,124.000000,6.400000,0.894427,5.000000,7.000000,34.563125,2.365060,32.169127,37.821053,171.622724,13.825721,159.135802,189.948377,40.370944,4.608103,34.208012,44.891032,0.408193,0.031509,0.366608,0.454333,1.000000
synthetic_hotspot_v2,redundancy_nu,0.1,5,9878.904898,678.527440,9286.973730,10857.891738,114.800000,5.630275,108.000000,123.000000,6.400000,0.894427,5.000000,7.000000,34.563125,2.365060,32.169127,37.821053,171.847233,14.056266,159.135802,189.948377,40.154929,4.824065,34.208012,44.891032,0.407335,0.031347,0.366608,0.454333,1.000000
synthetic_hotspot_v2,redundancy_nu,0.3,5,9878.904898,678.527440,9286.973730,10857.891738,114.800000,5.630275,108.000000,123.000000,6.400000,0.894427,5.000000,7.000000,34.563125,2.365060,32.169127,37.821053,171.847233,14.056266,159.135802,189.948377,40.154929,4.824065,34.208012,44.891032,0.407335,0.031347,0.366608,0.454333,1.000000
synthetic_hotspot_v2,redundancy_nu,0.5,5,9878.904898,678.527440,9286.973730,10857.891738,114.800000,5.630275,108.000000,123.000000,6.400000,0.894427,5.000000,7.000000,34.563125,2.365060,32.169127,37.821053,171.847233,14.056266,159.135802,189.948377,40.154929,4.824065,34.208012,44.891032,0.407335,0.031347,0.366608,0.454333,1.000000
synthetic_hotspot_v2,redundancy_nu,0.7,5,9878.904898,678.527440,9286.973730,10857.891738,114.800000,5.630275,108.000000,123.000000,6.200000,1.095445,5.000000,7.000000,34.563125,2.365060,32.169127,37.821053,171.847233,14.056266,159.135802,189.948377,40.154929,4.824065,34.208012,44.891032,0.407335,0.031347,0.366608,0.454333,1.000000
synthetic_hotspot_v2,remote_eta,0,5,9948.367089,748.762818,9286.973730,10857.891738,114.800000,5.630275,108.000000,123.000000,6.200000,0.836660,5.000000,7.000000,34.563125,2.365060,32.169127,37.821053,174.088924,17.011882,159.135802,194.957349,39.655616,5.455814,33.454398,44.891032,0.401513,0.033285,0.366608,0.454333,1.000000
synthetic_hotspot_v2,remote_eta,0.25,5,9948.367089,748.762818,9286.973730,10857.891738,114.800000,5.630275,108.000000,123.000000,6.200000,0.836660,5.000000,7.000000,34.563125,2.365060,32.169127,37.821053,174.088924,17.011882,159.135802,194.957349,39.655616,5.455814,33.454398,44.891032,0.401513,0.033285,0.366608,0.454333,1.000000
synthetic_hotspot_v2,remote_eta,0.5,5,9878.904898,678.527440,9286.973730,10857.891738,114.800000,5.630275,108.000000,123.000000,6.400000,0.894427,5.000000,7.000000,34.563125,2.365060,32.169127,37.821053,171.847233,14.056266,159.135802,189.948377,40.154929,4.824065,34.208012,44.891032,0.407335,0.031347,0.366608,0.454333,1.000000
synthetic_hotspot_v2,remote_eta,0.75,5,9641.930358,736.262342,8859.417549,10857.891738,115.400000,6.767570,108.000000,126.000000,6.000000,0.000000,6.000000,6.000000,34.563125,2.365060,32.169127,37.821053,164.503312,16.870195,147.271536,189.948377,41.549907,12.871365,24.538615,54.019424,0.431916,0.048348,0.386130,0.506255,1.000000
synthetic_hotspot_v2,remote_eta,1,5,9696.599080,348.190761,9417.157628,10288.755364,115.400000,6.767570,108.000000,126.000000,6.000000,0.000000,6.000000,6.000000,34.563125,2.365060,32.169127,37.821053,161.728351,12.386189,147.271536,177.951988,45.682761,8.716498,32.003030,54.019424,0.440741,0.041061,0.401769,0.506255,1.000000
synthetic_hotspot_v2,scheduling_lambda,0,5,9874.221410,674.816037,9286.973730,10857.891738,115.000000,6.000000,108.000000,124.000000,6.400000,0.894427,5.000000,7.000000,34.563125,2.365060,32.169127,37.821053,171.630672,13.833638,159.135802,189.948377,40.254403,4.719705,34.208012,44.891032,0.407335,0.031347,0.366608,0.454333,1.000000
synthetic_hotspot_v2,scheduling_lambda,0.05,5,9874.221410,674.816037,9286.973730,10857.891738,115.000000,6.000000,108.000000,124.000000,6.400000,0.894427,5.000000,7.000000,34.563125,2.365060,32.169127,37.821053,171.630672,13.833638,159.135802,189.948377,40.254403,4.719705,34.208012,44.891032,0.407335,0.031347,0.366608,0.454333,1.000000
synthetic_hotspot_v2,scheduling_lambda,0.1,5,9878.904898,678.527440,9286.973730,10857.891738,114.800000,5.630275,108.000000,123.000000,6.400000,0.894427,5.000000,7.000000,34.563125,2.365060,32.169127,37.821053,171.847233,14.056266,159.135802,189.948377,40.154929,4.824065,34.208012,44.891032,0.407335,0.031347,0.366608,0.454333,1.000000
synthetic_hotspot_v2,scheduling_lambda,0.2,5,9892.556979,668.713449,9286.973730,10857.891738,114.400000,5.770615,108.000000,123.000000,6.400000,0.894427,5.000000,7.000000,34.563125,2.365060,32.169127,37.821053,172.474058,13.402372,160.972497,189.948377,39.869407,4.569329,34.208012,44.891032,0.407335,0.031347,0.366608,0.454333,1.000000
synthetic_hotspot_v2,scheduling_lambda,0.4,5,10215.592147,802.891772,9286.973730,11057.090244,106.000000,9.300538,95.000000,117.000000,6.400000,0.894427,5.000000,7.000000,34.563125,2.365060,32.169127,37.821053,183.934320,21.560007,160.972497,214.410157,36.483257,8.149595,23.787667,44.891032,0.409102,0.031120,0.366608,0.454333,1.000000
